{
  "id": "19d62841-4c84-42c0-aa3c-5439c2890293",
  "name": "no",
  "isOverridable": true,
  "entries": [
    {
      "value": "no",
      "synonyms": [
        "no",
        "nope",
        "never",
        "no way",
        "not"
      ]
    },
    {
      "value": "don\u0027t think so",
      "synonyms": [
        "don\u0027t think so"
      ]
    },
    {
      "value": "don\u0027t",
      "synonyms": [
        "don\u0027t"
      ]
    }
  ],
  "isEnum": false,
  "automatedExpansion": false
}